2026.5.8,,2026年度情報理工学院（数理・計算科学系、情報工学系）第2回大学院説明会が、下記日程にて開催されます。<br>■2026年5月16日(土)13:00～16:30<br>　開催場所：東京科学大学横浜キャンパス<br><a href=https://admissions.isct.ac.jp/ja/news/amdf7lxqq7kj target=" blank">第2回情報理工学院大学院説明会</A><br>◎高安研究室では、下記のとおり研究室公開を行います。<br>　時間：13:30～16:30<br>　場所：横浜キャンパス G5棟8階811室
2026.5.8,,Hirokazu Toju, Kenta Suzuki, Martina Sanchez-Pinillos, Genta Shima, Takuya Kageyama, Ibuki Hayashi, Mikihito Noguchi, Hiroaki Fujita, Yoshiyuki Goto, Shinji Nakaoka, Masayuki Ushio, Yasunori Ichihashi, W Florian Fricke, Kenji Mizumoto, Lena Takayasu, Wataru Suda, Misako Takayasu, Masato Yamamichi, Wolfram Weckwerth<br>"Microbiome assembly statistics toward ecosystem-scale insights, forecasting, and management"<br>The ISME Journal, wrag085 (2026) <br>以上の論文が掲載されました。
2026.4.24,,高安研究室修了生、名古屋大学の増川理恵助教が、「外的摂動に対する腸内細菌叢の過渡的応答と反応性の定量解析」と題する発表について、2026年春季大会日本物理学会学生優秀発表賞を受賞しました。<br><a href=https://www.jps.or.jp/activities/awards/gakusei/2026_student_presentation_award.php target=" blank">Link</A>
2026.4.24,,高安研究室修了生、筑波大学の佐野幸恵准教授が、「包摂社会に向けた人と AI の共進化の数理構造解明」という研究テーマについて、キャノン財団の第17回（2026年）研究助成プログラムに採択され、4月17日に授賞式が行われました。高安美佐子先生は、共同研究者として参加します。
2026.4.6,,4月10日(金)、Korea Institute for Advanced Study (KIAS)の研究者、Jibeom Choi氏による、「Handshake-dependent RPS-like game for bacterial toxin transfer」と題する講演が研究室にて開催されます。<br><a href="pdf/news/20260410_Jibeom_Choi.pdf" target="_top">Abstract</a>
2026.3.13,,Qianyun Wu, Yukie Sano, Hideki Takayasu & Misako Takayasu<br>"Linking Opinion Dynamics and Emotional Expression in Online Communities: a Case Study of Covid-19 Vaccination Discourse in Japan"<br>2025 IEEE International Conference on Big Data (BigData), Pages: 5876-5883<br>以上の論文が掲載されました。
2026.2.4,,Yohei Shida, Hideki Takayasu, & Misako Takayasu<br>"Preserving universal mobility scaling laws with the human flow electrical circuit model"<br>Computational and Mathematical Organization Theory Volume 32, article number 3, (2026)<br>以上の論文が掲載されました。
2026.1.26,,E. Viegas, H. Takayasu and M. Takayasu<br>"A multi-layered network approach for the corporate and banking sectors: unwrapping the fundamental features of velocity of money"<br>Quantitative Finance, 2026, to appear.
2025.12.12,,12月8日(月)～12月10日(水)に、Shlomo Havlin特任教授(Bar-Ilan University)が高安研究室に研究滞在しました。
2025.11.14,,11月4日(火)～11月19日(水)に、Eduardo Viegas特任准教授 (Imperial College London)が高安研究室に研究滞在されています。
2025.8.12,,Yixuan Y. Zheng, Yohei Shida, Hideki Takayasu, Misako Takayasu<br>"Enhancing the gravity model for commuters: Time-and-spatial-structure-based improvements in Japan’s metropolitan areas"<br>PLoS One 20(8) (2025) <br>以上の論文が掲載されました。
2025.7.14,,7月14日(月)～7月16日(水)に、Shlomo Havlin特任教授(Bar-Ilan University)が高安研究室に研究滞在されています。
2025.7.8,,Rie Maskawa, Lena Takayasu, Hideki Takayasu, Keiji Watanabe, Shusuke Takemine, Takashi Kakimoto, Kozue Takeshita, Seiko Narushima, Wataru Suda, Misako Takayasu<br>"High-resolution fecal pharmacokinetic modeling in mice with orally administered antibiotics"<br>Scientific Reports volume 15, Article number: 24441 (2025) <br>以上の論文が掲載されました。
2025.6.27,,Ryosuke Susuta, Kenta Yamada, Hideki Takayasu and Misako Takayasu<br>"A ForecastModel for COVID-19 Spread Trends Using Blog and GPS Data from Smartphones"<br>Entropy, 27(7), 686 (2025)<br>以上の論文が掲載されました。
2025.6.5,,Hajime Koike, Hideki Takayasu, and Misako Takayasu<br>"Chaotic solutions found in the gravity model of network transport"<br>Phys. Rev. Research 7, 023232 (2025)<br>以上の論文が掲載されました。
2025.5.16,,2025年度第2回情報理工学院（数理・計算科学系、情報工学系）大学院説明会が、下記日程にて開催されます。<br>■2025年5月17日(土)13:00～16:30<br>　開催場所：東京科学大学すずかけ台キャンパス<br><a href=https://www.isct.ac.jp/ja/news/r7gr95umk5t5 target=" blank">第2回情報理工学院大学院説明会</A><br>◎高安研究室では、下記のとおり研究室公開を行います。<br>　時間：13:30～16:30<br>　場所：すずかけ台キャンパス G5棟８階 811室
2025.4.7,,Qianyun Wu, Yukie Sano, Hideki Takayasu, Shlomo Havlin & Misako Takayasu<br>"Twitter Communities are Associated with Changing User’s Opinion Towards COVID-19 Vaccine in Japan"<br>Scientific Reports volume 15, Article number: 11716 (2025)<br>以上の論文が掲載されました。
2025.2.21,,Rie Maskawa, Hideki Takayasu, Lena Takayasu, Wataru Suda, and Misako Takayasu<br>"Stochastic spatiotemporal growth model reproducing the universal statistical laws of the gut microbiome"<br>Physicl Review Research (2025)<br>以上の論文が掲載されます。
2025.2.21,,Zhihua Zhong, Hideki Takayasu & Misako Takayasu<br>"Renormalization of human mobility based on a revised electric circuit model and a new gravity relation"<br>Physicl Review Research (2025)<br>以上の論文が掲載されます。
2025.2.4,,1月23日(木)～2月14日(金)に、Eduardo Viegas特任准教授 (Imperial College London)が高安研究室に研究滞在されています。
2025.2.3,,1月27日(月)～1月29日(水)に、Shlomo Havlin特任教授(Bar-Ilan University)が高安研究室に研究滞在しました。
2024.12.13,,Henrik Jeldtoft Jensen特任教授による講演が下記の通り開催されました。<br>■日時：12月10日(火)13:30～15:00<br>■場所：東京科学大学すずかけ台キャンパス G5棟 811室<br>■タイトル："Quantifying Emergence: statistical mechanisms and information theoretic relations"
2024.12.9,,12月9日(月)～12月13日(金)にHenrik Jeldtoft Jensen特任教授(Imperial College London)が高安研究室に滞在します。
2024.10.11,,■10月8日(火)、Yoed Kenett先生による、「Investigating the complexity of creativethinking」と題する講演が研究室にて開催されました。<br>■10月15日(火)、Eduardo Viegas特任准教授による、「A Multilayered Network Approach of the Corporate and Banking Sectors: Unwrapping the Fundamental Features of the Velocity of Money」と題する講演が研究室にて開催されます。
2024.10.11,,下記の日程で、次の方々が高安研究室に研究滞在されています。<br>10月3日-10月25日：Eduardo Viegas特任准教授 (Imperial College London)<br>10月2日-10月11日, 10月24日-10月29日：Dr. Yoed Kenett (Assistant Professor, Israel Institute of Technology)
2024.9.11,,9月9日(月)～9月11日(水)に、Shlomo Havlin特任教授(Bar-Ilan University)が高安研究室に研究滞在しました。
2024.7.3,,7月1日(月)～7月3日(水)に、Shlomo Havlin特任教授(Bar-Ilan University)が高安研究室に研究滞在しました。
2024.6.11,,Zhihua Zhong, Hideki Takayasu & Misako Takayasu<br>"Human mobility description by physical analogy of electric circuit network based on GPS data"<br>Scientific Reports 14, Article number: 13380 (2024)<br>以上の論文が掲載されました。
2024.5.10,,Dan Johansson, Hideki Takayasu & Misako Takayasu<br>"A Markov network approach for reproducing purchase behaviours observed in convenience stores"<br>Scientific Reports 14, Article number: 10487 (2024)<br>以上の論文が掲載されました。
2024.4.23,,E. Viegas, O. Levy, S. Havlin, H. Takayasu, M. Takayasu<br>"Spatial Constraints on Economic Interactions: A Complexity Approach to the Japanese Inter-Firm Trade Network"<br>Mathematics 2024, 12(8), 1244 (2024)<br>以上の論文が掲載されました。
2024.4.19,,高安研究室では、大学院受験者を対象に下記の日程で研究室公開を行います。受験等、検討中の方は、是非参加してください。<br>日時：2024年5月11日（土）13：30-17：00<br>（<a href=https://www.titech.ac.jp/0/prospective-students/news/2024/068741 target=" blank">第2回情報理工学院大学院入試説明会</A>開催予定日）<br>場所：すずかけ台キャンパス G5棟８階 801室
2024.4.2,,4月5日(金)～4月25日(木)にEduardo Viegas特任准教授(Imperial College London)が高安研究室に研究滞在します。
2024.4.2,,3月25日(月)～3月27日(水)にShlomo Havlin特任教授(Bar Ilan University)が高安研究室に研究滞在しました。
2024.2.26,,Jun'ichi Ozaki, Eduardo Viegas, HidekiTakayasu & MisakoTakayasu<br>"Integration of B-to-B trade network models of structural evolution and monetary flows reproducing all major empirical laws"<br>Scientific Reports volume 14, Article number: 4628 (2024)<br>以上の論文が掲載されました。
2024.1.16,,Hajime Koike, Hideki Takayasu, Misako Takayasu<br>"Bifurcation and hysteresis in a nonlinear transport model on network motifs"<br>Physical Review Research 6, 013059 (2024)<br>以上の論文が掲載されました。
2024.1.9,,1月9日(火)～1月26日(金)にEduardo Viegas 特任准教授(Imperial College London)が高安研究室に滞在します。
2023.12.15,,Jiwei J. Jiang, Kenta Yamada, Hideki Takayasu & Misako Takayasu<br>"Scale-dependent power law properties in hashtag usage time series of Weibo"<br>Scientific Reports volume 13, Article number: 22298 (2023) <br>以上の論文が掲載されました。
2023.11.21,,12月19日(火)に、浦項工科大学校(Pohang University of Science and Technology, POSTECH, Korea)より研究者をお招きし、ワークショップ "TokyoTech-POSTECH EconoSocioPhysics Workshop" を下記の通り開催します。参加を希望される方は、高安までメールにてご連絡下さい。<a href="mailto:takayasu.m.aa@m.titech.ac.jp">メール</A><br>■日時：12月19日(火) 13:00-18:00<br>■場所：東京工業大学すずかけ台キャンパス G5棟 811室 <br><a href="./pdf/news/TokyoTechPOSTECH Workshop_agenda.pdf" " target="_top">プログラムとアブストラクトはこちら</a>
2023.9.12,,高安美佐子先生が、10月4日(水)に、HANEDA×PiO交流空間 PiO Park (東京都大田区)で開催される、【東京工業大学提携講座】「最先端研究が拓く私たちのくらし」にて、「ビッグデータによって解明される社会・経済の複雑な現象」と題する講演を行います。<br><a href="https://piopark.net/info/detail/225/" target="_blank">Link</A>
2023.9.12,,高安美佐子先生が、9月14日(木)に、ウロツワフ（ポーランド）で開催される「XII POLISH SYMPOSIUM ON PHYSICS IN ECONOMICS AND SOCIAL SCIENCES FENS2023」にて、「Observation of human flow in urban areas by GPS data and construction of mathematical models」と題する講演をオンラインにて行います。<br><a href="https://fens2023uwr.wordpress.com/" target="_blank">Link</A>
2023.9.4,,9月12日(火)、University College LondonのGlobal Business School for Healthの講師、Paul Expert先生が、高安研究室にて講義を行います。関心のある方は<a href="mailto:takayasu.m.aa@m.titech.ac.jp">メール</A>にてご連絡ください。<br>■日時：9月12日(火) 13:30-14:30<br>■場所：東工大すずかけ台キャンパス G5棟 811室 <br>■タイトル："The range of complexity, from natural to social sciences"<br><a href="./pdf/news/lecture_PaulExpert_202309.pdf" " target="_top">概要</a>
2023.9.4,,下記日程で、Henrik Jeldtoft Jensen特任教授(Imperial College London) によるセミナーを行います。<br>■日時(1回目)：9月6日(水) 13:30-15:00<br>　タイトル："The Shelling model of segregation and the Master Equation for the coarse grained dynamics"<br>■日時(2回目)：9月13日(水) 13:30-15:00<br>　タイトル："Forecasting transitions in high dimensional stochastic systems"<br>■場所：東工大すずかけ台キャンパス G3棟 2階 220号室<br>皆様のご参加をお待ち申し上げております。<br><a href="./pdf/news/seminar_H.J.Jensen_202309.pdf" " target="_top">セミナー概要</a>
2023.9.4,,9月4日(月)～9月15日(金)にHenrik Jendtoft Jensen特任教授(Imperial College London)が高安研究室に滞在します。
2023.8.28,,8月26日(月)～9月22日(金)にEduardo Viegas特任准教授(Imperial College London)が高安研究室に滞在します。
2023.5.16,,博士課程学生の小池元さんによる、2023年日本物理学会春季大会における講演「重力相互作用モデルの拡散局在転移による定常解の分岐II」が、日本物理学会の学生優秀発表賞を受賞しました。
2023.4.11,,2023年度情報理工学院（数理・計算科学系、情報工学系）説明会が、下記日程にて開催されます。<br>■2023年4月22日(土)13:00～16:30<br>　開催場所：東工大大蔵前会館くらまえホール<br>　【ポスターにて研究室紹介を行います】<br>■2023年5月13日(土)13:00～16:30<br>　開催場所：東京工業大学すずかけ台キャンパス<br>　【14時頃より、研究室公開を行います】<br><a href=https://www.titech.ac.jp/0/prospective-students/open-campus/briefing/department-cs target="_top">説明会の詳細とお申し込みはこちら</a>
2023.4.1,,・高安研究室の所属は情報理工学院情報工学系に変わりました。<br>・2023年3月31日をもってビッグデータ数理科学研究ユニットは終了いたしました。7年間に渡りサポートしてくださった皆様ありがとうございました。<br>・帝国データバンク先端データ解析共同研究講座は2023年3月31日に終了しました。<br>・ソニーデータ駆動型世界戦略共同研究講座を2023年4月1日に開設しました。
2023.3.17,,3月13日(月)～3月15日(水)にShlomo Havlin特任教授 (Bar Ilan University)がビッグデータ数理科学研究ユニット（ADAM）に研究滞在しました。<br>滞在中、Havlin特任教授による講演会が下記の通り開催されました。<br>日時：3月15日(水)13:30～15:00<br>場所：東京工業大学大岡山キャンパス西8号館3階 W834<br>講演タイトル："Interdependent Networks: Novel Physical Phase Transitions"
2023.3.10,,Takuya Wada, Hideki Takayasu,and Misako Takayasu<br>"Extraction of Important Factors in a High-Dimensional Data Space: An Application for High-Growth Firms"<br>Entropy 2023, 25(3), 488<br>以上の論文が掲載されました。
2023.1.5,,2022年12月8日(木)～2023年1月4日に伊藤 隆敏特定教授 (コロンビア大学)がビッグデータ数理科学研究ユニットに滞在し、下記2日間の講演を行いました。<br>12月19日(月)「国際金融１」<br>12月27日(火)「国際金融２」
2022.11.30,,11月28日(月)～11月30日(水)にShlomo Havlin特任教授 (Bar Ilan University)がビッグデータ数理科学研究ユニット（ADAM）に研究滞在しました。
2022.10.31,,高安美佐子先生が、11月4日(金)に、東大生産研 An棟3回大会議室+WebEXでハイブリッド開催される「応用物理学会超集積エレクトロニクス産学連携委員会第２回研究会」にて、「ビッグデータを用いた社会・経済の物理学の構築 」と題する講演を行います。<br><a href="https://sites.google.com/view/jsapvlsi/研究会及びイベント" target="_blank">Link</A>
2022.10.31,,Kobayashi, Y., Takayasu, H., Havlin, S., Takayasu, M.<br>"Data-driven stochastic simulation leading to the allomertic scaling laws in complex systems"<br>Phys. Rev. E, to appear.
2022.10.29,,Kanazawa, K., Takayasu, H. & Takayasu, M.<br>"Exact Solution to Two-Body Financial Dealer Model: Revisited from the Viewpoint of Kinetic Theory"<br>J Stat Phys 190, 8 (2023)<br>以上の論文が掲載されました。
2022.10.25,,Jun'ichi Ozaki, Yohei Shida, Hideki Takayasu & Misako Takayasu<br>"Direct modelling from GPS data reveals daily-activity-dependency of effective reproduction number in COVID-19 pandemic"<br>Scientific Reports 12, Article number: 17888 (2022)<br>以上の論文が掲載されました。<a href=https://www.nature.com/articles/s41598-022-22420-9 target="_top">Link</a>
2022.10.14,,下記の日程で、Henrik Jeldtoft Jensen特任教授 (Imperial College London), Eduardo Viegas特定准教授 (Imperial College London)がビッグデータ数理科学研究ユニット（ADAM）に研究滞在しました。<BR>9月26日-10月12日: Eduardo Viegas特定准教授<br>10月2日-10月14日: Herik Jensen特任教授<BR><br>滞在中、Jensen特任教授による大学院生向けの講義が東京工業大学すずかけ台キャンパス G5棟8階 811号室にて下記の通り行われました。<br>日時：10月4日(火) 13:30-14:30<br>講義タイトル： "Tangle opinion"<br>日時：10月11日(火) 13:30-14:30<br>講義タイトル：(2)	“Record dynamics”
2022.9.27,,下記のミニワークショップ　"Emergence in complex systems"を、東京工業大学すずかけ台キャンパスG5棟811室で10月7日(金)13時より対面で実施いたします。<br>参加を希望される方は、<br>高安(takayasu.h.aa@m.titech.ac.jp)までメールにてご連絡下さい。<a href="mailto:takayasu.m.aa@m.titech.ac.jp">メール</A><br>13:00-13:50 Henrik Jensen: “Characterising emergence”<br>13:50-14:40 Hideki Takayasu: “Emergence of human flow: a study based on GPS data”<br>14:40-15:30 Eduardo Viegas: “Constructing networks of influence through the fitness of countries”<br>15:30-15:50 Tea Time<br>15:50-16:40 Pablo A. Morales:” Geometry of multivariate interdependencies & the maximum entropy principle”<br>16:40-17:30 Takashi Shimada:  "On the robustness and plasticity of ecosystems"
2022.6.15,,Yohei Shida, Jun'ichi Ozaki, Hideki Takayasu & Misako Takayasu<br>"Potential fields and fluctuation-dissipation relations derived from human flow in urban areas modeled by a network of electric circuits"<br>Scientific Reports 12, Article number: 9918 (2022)<br>以上の論文が掲載されました。
2022.4.11,,4月23日(土)に令和4年度大学院入試の研究室説明会（日本語・英語）をオンラインで開催します。参加ご希望の方は、大学のホームページより情報理工学院大学院説明会にお申込みください。<br><a href=https://www.titech.ac.jp/0/prospective-students/open-campus/briefing/school-computing target="_blank">お申込みはこちら</A>
2022.2.25,,Qianyun Wu, Yukie Sano, Hideki Takayasu & Misako Takayasu<br>"Classifcation of endogenous and exogenous bursts in collective emotions based on Weibo comments during COVID-19"<br>Scientific Reports 12, Article number: 3120 (2022)<br>以上の論文が掲載されました。
2022.2.8,,Hajime Koike, Hideki Takayasu, Misako Takayasu<br>"Diffusion-Localization Transition Point of Gravity Type Transport Model on Regular Ring Lattices and Bethe Lattices"<br>Journal of Statistical Physics volume 186, Article number: 44 (2022) <br>以上の論文が掲載されました。
2022.2.4,,4月23日(土)に令和4年度大学院入試の研究室説明会をオンラインで開催します。<br>情報理工学院大学院説明会が開催されますので、数理・計算科学系の説明会に参加していただくと、研究室訪問に参加できます。<br><a href=https://www.titech.ac.jp/0/prospective-students/open-campus/briefing/school-computing target="_blank">Link</A>
2022.1.28,,Hiroki Watari, Hideki Takayasu, Misako Takayasu<br>"Analysis of individual high-frequency trading trader’s buy-sell order strategy based on multivariate Hawkes process"<br>Entropy (2022)<br>以上の論文が掲載されます。
2022.1.14,,Marko Jusup, Petter Holme, Kiyoshi Kanazawa, Misako Takayasu, Ivan Romic, Zhen Wang, Suncana Gecek, Tomislav Lipic, Boris Podobnik, Lin Wang, Wei Luo, Tin Klanjscek, Jingfang Fan, Stefano Boccaletti, Matjaz Perc<br>"Social physics"<br>Physics Reports, Volume 948, 16 February 2022, Pages 1-148<br>以上の論文が掲載されました。
2021.11.9,,高安美佐子先生が、11月10日、理化学研究所未来戦略室よりオンライン開催される、「理研・未来戦略室フォーラム　人と海洋の未来 vol.2」にて講演を行います。
2021.10.22,,Yohei Shida, Hideki Takayasu, Shlomo Havlin and Misako Takayasu<br>"Universal scaling of human flow remain unchanged during the COVID-19 pandemic"<br>Applied Network Science 6, Article number: 75 (2021)<br>以上の論文が掲載されました。
2021.10.20,,高安美佐子先生が、11月6日にオンライン開催される「第16回四大学連合文化講演会」にて、「ビッグデータが解明する社会に潜む法則性」と題する講演を行います。<br><a href=https://www.tokyo-4univ.jp/lecture_information/ target="_top">Link</a>
2021.4.16,,今年度の数理・計算科学系大学院説明会は、2021年4月24日(土)にオンラインで実施されます。<br>参加を希望される方は、下記より申し込みをしてください。<br>13:00より全体の説明会があり、14:30からの教員別相談会で当研究室の説明をいたします。<br><a href="https://www.titech.ac.jp/graduate_school/event/2021/049142.html" target="_blank">参加申込</A>
2021.3.9,,Yuh Kobayashi, Hideki Takayasu, Shlomo Havlin, and Misako Takayasu<br>"Robust Characterization of Multidimensional Scaling Relations between Size Measures for Business Firms"<br>Entropy 2021, 23(2), 168<br>以上の論文が掲載されました。
2021.3.5,,高安美佐子先生が、3月11日に電子情報通信学会によりオンライン開催される「2021年電子情報通信学会総合大会」のプレナリーセッションにて、「ビッグデータに基づく社会・経済の科学とその応用」と題する基調講演を行います。<br><a href="http://www.ieice-taikai.jp/2021general/jpn/index.html" target="_blank">Link</A>
2021.3.5,,高安美佐子先生が、3月5日に、NTT宇宙環境エネルギー研究所にて「ビッグデータ分析を通した社会・経済現象の観測とモデリング」と題する講演を行いました。
2021.2.22,,Arthur Matsuo Yamashita Rios de Sousa, Hideki Takayasu, Didier Sornette and Misako Takayasu<br>"Sigma-Pi Structure with Bernoulli Random Variables: Power-Law Bounds for Probability Distributions and Growth Models with Interdependent Entities"<br>Entropy 2021, 23, 241<br>以上の論文が掲載されました。
2021.2.19,,研究員を募集しております。詳しくはこちらをご覧ください。<br><a href="./pdf/koubo/koubo_kenkyuin_ADAM.pdf" " target="_top">公募案内</a>
2021.2.5,,来年度の数理・計算科学系大学院説明会は、2021年4月24日(土)にオンラインで実施される見込みです。研究室説明会も実施する予定です。<br>詳細は後日HPにてお知らせします。
2021.2.2,,高安美佐子先生が、2月8日に東工大 オープンイノベーション機構によりオンライン開催される「第2回東工大国際オープンイノベーションシンポジウム2021」にて、「ビッグデータを用いたコロナ感染拡散における社会・経済現象の観測とモデルによる将来予測」と題する講演を行います。<br><a href="https://www.oi-p-titech-symposium.org/" target="_blank">Link</A>
2020.12.15,,Yohei Shida, Hideki Takayasu, Shlomo Havlin & Misako Takayasu<br>"Universal scaling laws of collective human flow patterns in urban regions"<br>Scientific Reports volume 10, Article number: 21405 (2020)<br>以上の論文が掲載されました。
2020.12.1,,高安美佐子先生が、12月3日に東工大 科学技術創成研究院によりオンライン開催される「研究院公開2020」にて、「コロナ感染拡散における社会・経済現象の観測とモデルによる将来予測」と題する講演を行います。<br><a href="https://www.iir.titech.ac.jp/openlab/" target="_blank">研究院公開2020</A>
2020.11.10,,高安美佐子先生が、11月10日に東工大 Tokyo Tech World Research Hub Initiative (WRHI)により開催される「オンライン国際シンポジウム」にて、「コロナ感染拡散における社会・経済現象の観測とモデルによる将来予測」と題する講演を行います。<br><a href="https://www.pco-prime.com/wrhi2020/index.html" target="_blank">WRHIオンライン国際シンポジウム</A>
2020.10.16,,Arthur Matsuo Yamashita Rios de Sousa, Hideki Takayasu, Misako Takayasu<br>"Segmentation of time series in up- and downtrends using the epsilon-tau procedure with application to USD/JPY foreign exchange market data"<br>PLoS ONE 15(9)<br>以上の論文が掲載されました。
2020.9.1,,伊藤隆敏特任教授、Vittoria Colizza特定教授、Eduardo Viegas特定准教授、Paul Expert特定准教授が着任しました。
2020.8.24,,高安美佐子先生が、8月27日に東工大　物質・情報卓越教育院によりオンライン開催される「東工大 物質・情報卓越教育院　第1回最先端研究セミナー」にて、「ビッグデータで見る社会現象」と題する講演を行います。<br><a href="https://www.tac-mi.titech.ac.jp/event/seminar01/" target="_blank">東工大 物質・情報卓越教育院　第1回最先端研究セミナー</A>
2020.7.27,,Z. Zhao, J. Zhao, Y. Sano, O. Levy, H. Takayasu, M. Takayasu, D. Li, J. Wu, S. Havlin<br>"Fake news propagates differently from real news even at early stages of spreading"<br>EPJ Data Sci. 9, 7 (2020)<br>以上の論文が掲載されました。
2020.6.24,,Alberto Ciacci, Takumi Sueshige, Hideki Takayasu, Kim Christensen, Misako Takayasu<br>"The microscopic relationships between triangular arbitrage and cross-currency correlations in a simple agent based model of foreign exchange markets"<br>PLoS ONE, 15(6)<br>以上の論文が掲載されました。
2020.6.16,,6月16日(火)の日本経済新聞電子版に、帝国データバンク社との共同研究の成果が掲載されました。<br><a href="https://www.nikkei.com/article/DGXMZO60282710S0A610C2000000/" target="_top">Link</a>
2020.4.27,,<mark>5月16日(土)の研究室公開は中止となりました。</mark><br>入試相談を希望される方は、<a href="mailto:takayasu.m.aa@m.titech.ac.jp">メール</A>にて高安までご連絡ください。
2020.4.2,,5月16日(土)の研究室公開は、オンラインにて実施される予定です。<strong>［中止］</strong><br>また、4月25日(土)にオンラインによる数理・計算科学系大学院説明会にて、研究室説明会も実施する予定です。<br>詳細は数理・計算科学系の大学院説明会の情報をご覧ください。<BR><a href="https://www.titech.ac.jp/graduate_school/open_campus/briefing/department_is.html"  target="_top">2020年度 数理・計算科学系 大学院説明会</a>
2020.2.26,,Sakoda, G., Takayasu, H., Takayasu, M.<br>"Metabolic Dynamics of Ecosystems Realizing Steady Log-Uniform Distributions: the Case of Commodities in Shops"<br>Entropy 2020, 22(3), 267<br>以上の論文が掲載されました。
2020.2.17,,5月16日(土)に、ポスター説明と研究室公開を行います。<br>時間・場所等詳細は後日HPにてお知らせします。<br>関心のある方は<a href="mailto:takayasu.m.aa@m.titech.ac.jp">メール</A>にてお問い合わせください。
2020.2.17,,Eduardo Viegas, Hayato Goto, Yuh Kobayashi, Misako Takayasu, Hideki Takayasu, and Henrik Jeldtoft Jensen<br>"Allometric Scaling of Mutual Information in Complex Networks: A Conceptual Framework and Empirical Approach"<br>Entropy 2020, 22(2), 206 (2020)<br>以上の論文が掲載されました。
2020.2.10,,高安美佐子先生が、東京国際フォーラムで開催された 第１回 東京工業大学 国際オープンイノベーションシンポジウム2020にて、「Advanced Data Analysis and Modeling Unit」と題する講演を行いました。<br><a href="https://www.oi-p-titech-symposium.org/" target="_top">Link</a>
2020.1.20,,高安美佐子先生が、早稲田大学国際会議場井深大記念ホールで開催されたNetSciX 2020にて、「Modeling of the business transaction network in Japan and its practical applications」と題する招待講演を行いました。<br><a href="https://netscix2020tokyo.github.io/" target="_top">Link</a>
2020.1.20,,1月20日(月)～1月22日(水)にShlomo Havlin特任教授 (Bar Ilan University)がビッグデータ数理科学研究ユニット（ADAM）に研究滞在します。
2019.12.10,,高安美佐子先生が、Huawei 横浜研究所で開催されたHuawei交流会にて、「Big-Data Analysis and Modeling from Econophysics view」と題する講演を行いました。
2019.12.8,,高安美佐子先生が、名古屋マリオットアソシアホテルで開催された第11回一橋大学・東京工業大学　合同移動講座にて、「ビッグデータから見える社会の現象」と題する基調講演を行いました。<br><a href="https://www.kuramae.ne.jp/files/user/event/No11godouidoukouza_B2poster_08.pdf" target="_top">Link</a>
2019.12.3,,帝国データバンク先端データ解析共同研究講座シンポジウム2019が、東京工業大学　大岡山キャンパス西9号館多目的ホール他にて開催されました。<BR><a href="pdf/news/東工大シンポジウム2019_timetable.pdf" target="_blank">プログラム</A>
2019.11.12,,12月10日(火)～12月13日(金)にDidier Sornette特任教授 (ETH Zurich)がビッグデータ数理科学研究ユニット（ADAM）に研究滞在します。<BR>滞在中、Sornette特任教授による大学院生向けの講義を下記の通り行います。関心のある方はご参加下さい。<br><br>場所：東工大すずかけ台キャンパス S2棟 7階 705号室(第6会議室)<br>日時：12月13日(金) 14:00-15:00<br>講義タイトル： "The "endo-exo" problem in financial market price fluctuations, criticality and the ARMA point process"
2019.10.21,,11月11日(月)～11月14日(木)にShlomo Havlin特任教授 (Bar Ilan University)がビッグデータ数理科学研究ユニット（ADAM）に研究滞在します。<BR>滞在中、Havlin特任教授による講義を下記の通り行います。関心のある方はご参加下さい。<br><br>日時：11月12日(火) 14:00-15:00<br>場所：東京工業大学すずかけ台キャンパス S2棟4階405号室(第5会議室)<br>講義タイトル： "Applications of network science"
2019.10.17,,10月8日(火)～11月15日(金)の予定で、Alberto Ciacci氏 (Imperial College London) が準客員若手研究員としてビッグデータ数理科学研究ユニット（ADAM）に研究滞在しています。
2019.10.17,,10月2日(水)～10月11日(金)に Eduardo Vuegas氏 (Imperial College London) がビッグデータ数理科学研究ユニット（ADAM）に研究滞在しました。
2019.10.10,,高安美佐子先生が、東京工業大学総務部広報・社会連携課基金室主催　懇談会にて、"社会のビッグデータから見えること"と題する講演を行いました。
2019.9.3,,10月7日(月)～10月11日(金)にHenrik Jeldtoft Jensen特任教授 (Imperial College London)がビッグデータ数理科学研究ユニット（ADAM）に研究滞在します。<BR>滞在中、Jensen特任教授による講義を下記の通り行います。関心のある方はご参加下さい。<br><br>日時：10月8日(火) 14:00-15:00<br>場所：東京工業大学すずかけ台キャンパス S2棟7階705号室（第6会議室）<br>講義タイトル： " Measures of Emergent Collective Behaviour: Integrated Information, O-information and a Group Entropy Measure"
2019.8.16,,Takumi Sueshige, Didier Sornette, Hideki Takayasu, & Misako Takayasu, "Classification of position management strategies at the order-book level and their influences on future market-price formation", PLoS ONE 14(8)<br> 以上の論文が掲載されます。
2019.7.30,,Eduardo Viegas, Hayato Goto, Misako Takayasu, Hideki Takayasu & Henrik Jeldtoft Jensen<br>"Assembling real networks from synthetic and unstructured subsets: the corporate reporting case"<br>Scientific Reports volume 9, Article number: 11075(2019)<br>以上の論文が掲載されました。
2019.6.28,,Gen Sakoda, Hideki Takayasu, Misako Takayasu, "Data science solutions for retail strategy to reduce waste keeping high profit", Sustainability 11(13), 3589 (2019), to appear.
2019.6.18,,Jun'ichi Ozaki, Hideki Takayasu, and Misako Takayasu, "Estimation of sales decrease caused by a disaster: Hokkaido blackout after earthquake in 2018", M. J Comput Soc Sc (2019)<br>Jun'ichi Ozaki, Koutarou Tamura, Hideki Takayasu, and Misako Takayasu, "Modeling and simulation of Japanese inter-firm network", Artif Life Robotics (2018)<br>以上の論文が掲載されました。
2019.5.27,,6月17日-6月19日にShlomo Havlin特任教授 (Bar Ilan University)がビッグデータ数理科学研究ユニット（ADAM）に研究滞在します。<BR>滞在中、Havlin特任教授による大学院生向けの講義を下記の通り行います。関心のある方はご参加下さい。<br>場所：東京工業大学すずかけ台キャンパス S2棟4階 405号室(第5会議室)<br>日時：6月19日(水) 13:30-14:30<br>講義タイトル： "Robustness of spatial embedded network"
2019.4.9,,次の日程で、ポスター説明と研究室公開を行います。<br><br>4月20日(土)14:00～15:00 ポスター説明（大岡山西8号館E棟10階 E1001 情報理工学院大会議室）<br>※数理・計算科学系から入学希望の学生の方も、4/20のポスター説明にて対応いたします。<br><br>5月11日(土)12:15～13:45 ポスター説明（すずかけ台キャンパスG4棟1Fロビー）<br>5月11日(土)13:45～17:00 研究室公開（すずかけ台キャンパスS1棟2階）<br><br>6月1日(土)14:00～15:30 ポスター説明（大学会館(すずかけホール) H1棟3Fラウンジ）<br>6月1日(土)15:30～18:00 研究室公開（すずかけ台キャンパスS1棟2階）
2019.3.18,,下記の日程で、Henrik Jeldtoft Jensen特任教授 (Imperial College London)がビッグデータ数理科学研究ユニット（ADAM）に研究滞在します。<BR>4月2日～4月5日<br><br>滞在中、Jensen特任教授による大学院生向けの講義を下記の通り行います。関心のある方はご参加下さい。<br>場所：東京工業大学すずかけ台キャンパス S1棟3階 317-2号室<br>日時：4月4日(木) 14:00-15:00<br>講義タイトル： " The emergence of weak criticality in SOC systems"
2019.3.18,,Yuh Kobayashi, Hideki Takayasu, Shlomo Havlin and Misako Takayasu, "Time evolution of companies towards a stable scaling curve obtained from flow diagrams in 3-dimensional phase space", New Journal of Physics (2019)<br>以上の論文が掲載されます。
2019.2.26,,下記の日程で、Didier Sornette特任教授 (ETH Zurich)がビッグデータ数理科学研究ユニット（ADAM）に研究滞在します。<BR>3月17日～3月19日<br><br>滞在中、Sornette特任教授による大学院生向けの講義を下記の通り行います。関心のある方はご参加下さい。<br>場所：東京工業大学すずかけ台キャンパス S2棟 第６会議室（７階705号室）<br>日時：3月19日(火) 14:00～15:00<br>講義タイトル： "A Theory of Discrete Hierarchies as Optimal Cost-Adjusted Productivity Organisations"
2019.2.25,,下記の日程で、Alberto Ciacci氏 (Imperial College London) が準客員若手研究員としてビッグデータ数理科学研究ユニット（ADAM）に研究滞在します。<BR>3月2日～3月22日
2019.2.23,,高安美佐子先生が、蔵前工業会第40回科学技術セミナーにて、"ビッグデータ解析とモデリング研究の最前線"と題する招待講演を行いました。<BR><a href="https://www.kuramae.ne.jp/ifno_detail/id=1960&pno=15"  target="_top">Link</a>
2019.2.15,,下記の日程で、特任教授がビッグデータ数理科学研究ユニット（ADAM）に研究滞在します。<BR>2月18日～2月21日：Shlomo Havlin特任教授 (Bar Ilan University)<br>2月19日～2月23日：Harry Eugene Stanley特任教授（Boston University）<br>特任教授の滞在中、大学院生向けの講義を下記の通り行います。関心のある方はご参加下さい。<br>場所：東京工業大学すずかけ台キャンパス S2棟 第一・第二会議室<br>日時：<br>2月20日(水)　14:00～15:00 Havlin教授, "Cascading failures in interdependent networks"<br>2月20日(水)　15:00～16:00 Stanley教授, "Novel Statistical Physics Approaches to Understanding Economic Fluctuations"
2019.1.23,,Gen Sakoda, Hideki Takayasu, Misako Takayasu, "Tracking Poisson parameter for non-stationary discontinuous time series with Taylor's abnormal fluctuation scaling", Stats(ISSN 2571-905X)<br>以上の論文が掲載されました。
2018.11.27,,Arthur Matsuo Yamashita Rios de Sousa, Hideki Takayasu, Misako Takayasu, "Random Coefficients Autoregressive Processes and the PUCK Model with Fluctuating Potential", Journal of Statistical Mechanics: Theory and Experiment<br> 以上の論文が掲載されます。
2018.11.27,,Takumi Sueshige, Kiyoshi Kanazawa, Hideki Takayasu, and Misako Takayasu, "Ecology of trading strategies in a forex market for limit and market orders", PLOS ONE<br> 以上の論文が掲載されます。
2018.11.22,,高安美佐子先生が、日本IBM技術者コミュニティTEC-Jにて、"ビッグデータを活用した社会・経済現象のモデリング"と題する招待講演を行いました。
2018.11.6,,Kenta Yamada, Hideki Takayasu and Misako Takayasu, "Estimation of Economic Indicator Announced by Government From Social Big Data", Entropy 2018, 20(11), 852<br> 以上の論文が掲載されました。
2018.11.6,,下記の日程で、特任教授が大学院生向けの講義を行います。関心のある方はご参加下さい。<br>場所：東京工業大学すずかけ台キャンパス　S1棟3階 317-2号室<br>日時：<br>11月21日(水)14:00～　S. Havlin, "From single networks to networks of networks"<br>11月21日(水)15:00～　D. Sornette, "Extremes risks, dragon-kings and opportunities in nuclear energy and cyber-risks"<br>11月27日(火)15:00～　H. Jensen, "Bottom-up versus top-down control and the transfer of information in complex model: Quantifying group selection versus individual selection
2018.11.5,,下記の日程にて次の方々がビッグデータ数理科学研究ユニット（ADAM）に研究滞在します。<BR>11月19日-11月22日：Shlomo Havlin特任教授 (Bar Ilan University), Didier Sornette特任教授 (ETH Zurich), Dr. Orr Levy (Bar Ilan University)<br>11月26日-11月30日：Henrik Jensen特任教授 (Imperial College London), Dr. Eduardo Viegas (Imperial College London)
2018.10.29,,「データサイエンスシンポジウム2018　一橋大学×東京工業大学×帝国データバンク」が下記の通り開催されます。<br>日時：2018年11月28日(水) 13:00～18:00<br>会場：一橋講堂（東京都千代田区一ツ橋2丁目1-2 学術総合センター2F）<BR><a href="https://www.tdb.co.jp/info/topics/k181002.html" target="_blank">お申込み</A><BR><a href="https://www.titech.ac.jp/event/2018/042893.html" target="_blank">東工大イベントカレンダー</A>
2018.10.12,,高安美佐子先生が、東京工業大学 科学技術創成研究院 研究公開2018にて、"ビッグデータに基づく社会・経済現象のモデリング"と題する講演を行いました。<BR><a href="https://www.titech.ac.jp/event/2018/042230.html"  target="_top">Link</a>
2018.10.5,, Kiyoshi Kanazawa, Takumi Sueshige, Hideki Takayasu, and Misako Takayasu, "Kinetic theory for financial Brownian motion from microscopic dynamics", Physical Review E.<br> 以上の論文が掲載されます。
2018.10.1,,長谷川明彦特別研究員が着任しました。
2018.9.18,,金澤輝代士助教が、「実データ解析・理論解析に基づく外国為替市場のミクロ動力学の解明」という研究課題において、平成30年度「東工大挑戦的研究賞」学長特別賞を受賞しました。<br><img src="images/challenging_research_award_kanazawa2.jpg"><br>9月12日に授賞式が開催されました。
2018.9.4,,9月4日-9月6日にShlomo Havlin特任教授 (Bar Ilan University)がビッグデータ数理科学研究ユニット（ADAM）に研究滞在します。
2018.9.1,,山中卓特任准教授が着任しました。
2018.6.26,,金澤輝代士助教が、「実データ解析・理論解析に基づく外国為替市場のミクロ動力学の解明」という研究課題について、平成30年度「東工大挑戦的研究賞」学長特別賞を受賞しました。
2018.6.26,,"Diffusion-localization transition caused by nonlinear transport on complex networks", Koutarou Tamura, Hideki Takayasu, Misako Takayasu, Scientific Reports<br>以上の論文がScientific Reports の Editor's choice: complex networks に選ばれました。<br><a href="https://www.nature.com/collections/zvvdtwrdqz/content/advances" target="_top">Link</a>
2018.6.5,,高安美佐子先生が、ザ・ペニンシュラ東京で開催されたCapital Fund Management社セミナーにて、「社会・経済に役立つ物理学：金融市場へのアプローチ」と題する招待講演を行いました。
2018.6.4,,J.-F. Boilard, K. Kanazawa, H. Takayasu, M. Takayasu, "Empirical scaling relations of market event rates in foreign currency market", Physica A<br>以上の論文が発刊されます。
2018.6.1,,6月2日（土）にポスター説明、研究室公開を行います。<br>13:00-14:00 全体説明 H2棟(大学会館)3F 多目的ホール<br>14:00-15:30 ポスター説明 H1棟(大学会館)3Fラウンジ<br>15:45-18:00 研究室公開 S1棟2階 203号室
2018.5.28,,イスラエル・バーイラン大学のShlomo Havlin教授が大学院生向けの講義を行います。関心のある方はご参加下さい。<br>"Introduction to Network Science: From Physics to Society "<br>日時：5月30日(水)１３：００－１４：００<br>場所：東工大すずかけ台キャンパスS1棟２０３号室
2018.5.25,, Hayato Goto, Eduardo Viegas, Henrik Jeldtoft Jensen, Hideki Takayasu, and Misako Takayasu, "Smoluchowski Equation for Networks: Merger Induced Intermittent Giant Node Formation and Degree Gap", Journal of Statistical Physics.<br> 以上の論文が電子発刊されます。
2018.5.22,,下記日程にてShlomo Havlin特任教授 (Bar Ilan University)がビッグデータ数理科学研究ユニット（ADAM）に研究滞在します。<BR>5月28日-5月31日
2018.4.19,,次の日程で研究室公開を行います。<br>場所：すずかけ台S1棟2階<br>5月11日（金）１３：００－１８：００<br>5月12日（土）１１：００－１７：００<br>6月2日（土） １５：４５－１８：００<br>見学をご希望の方は<a href="mailto:takayasu.m.aa@m.titech.ac.jp">メール</A>にてお問い合わせください。
2018.4.19,,4月8日-4月21日にHenrik Jeldtoft Jensen特任教授がビッグデータ数理科学研究ユニット（ADAM）に研究滞在しました。この期間に、Imperial College Londonより以下の方々が研究室を訪問されました。<br>Prof. Henrik Jensen<br>Dr. Paul Expert<br>Prof. Mauricio Barahona<br>Dr. Tim Evans<br>Mr. Murat Erkurt<br>Dr. Fernando Rosas<br>これに伴い、4月12日～4月19日に数理構造セミナーとしてTokyoTech-Imperial Workshop2を開催しました。<br><a href="pdf/news/TokyoTechImperialWorkshop2Updated1-2.pdf" target="_top">Link</a>
2018.4.3,,"Diffusion-localization transition caused by nonlinear transport on complex networks", Koutarou Tamura, Hideki Takayasu, Misako Takayasu, Scientific Reports 8, Article number: 5517 (2018) <br> 以上の論文が電子発刊されました。
2018.3.27,,"Derivation of the Boltzmann equation for financial Brownian motion: Direct observation of the collective motion of high-frequency traders", <br> Kiyoshi Kanazawa, Takumi Sueshige, Hideki Takayasu, and Misako Takayasu, Phys. Rev. Lett. 120, 138301 <br> 以上の論文が電子発刊されました。
2018.3.10,,3月6日-3月10日にGunnar Pruessner先生 (Imperial College London) がビッグデータ数理科学研究ユニット（ADAM）に研究滞在し、3月8日に"Avalanching and correlations in Self-Organised Criticality"と題するセミナーを行いました。<br><a href="pdf/news/20180308_Pruessner.pdf" target="_top">Link</a>
2018.2.23,,高安美佐子先生が、富士通研究所にて、"「未来観測所」からみた日本の現在と未来"と題する招待講演を行いました。
2018.2.18,,下記日程にて特任教授がビッグデータ数理科学研究ユニット（ADAM）に研究滞在しました。<BR>1月7日-1月13日:  Harry Eugene Stanley特任教授 (Boston University) <BR>2月13日-2月18日: Didier Sornette特任教授 (ETH Zurich) 
2018.1.9,,Harry Eugene Stanley特任教授が着任しました。
2017.12.25,,帝国データバンク社の共同研究事例として、本研究室との取組が紹介されています。<BR><a href="https://www.youtube.com/watch?v=btjO76_HziQ" target="_top">Link</a> 
2017.12.21,,下記日程にてShlomo Havlin特任教授 (Bar Ilan University)がビッグデータ数理科学研究ユニット（ADAM）に研究滞在しました。<BR>12月19日-12月21日
2017.10.4,, "Estimating Risk Propagation between Interacting Firms on Inter-firm Complex Network", Hayato Goto, Hideki Takayasu, Misako Takayasu, PLoS ONE, 2017<br> 以上の論文が電子発刊されます。
2017.9.16,,高安美佐子先生が、JAWS 2017 ワークショップにて、"企業取引関係のモデリングとシステムに起因するリスクの解明"と題する招待講演を行いました。<BR><a href="http://jaws-web.org/event/jaws2017/"  target="_top">Link</a>
2017.9.14,,高安美佐子先生が、東京工業大学 ヒューマンインターフェースとビッグデータ解析ワークショップにて、"「未来観測所」からみた日本企業の現在と未来"と題する講演を行いました。<BR><a href="https://www.nttdata-strategy.com/can/news/pdf/HumanInterface.pdf"  target="_top">Link</a>
2017.8.25,,高安美佐子先生が、京×データサイエンス シンポジウムにて、"「未来観測所」から見える日本企業の現状と未来：「京」をつかって"と題する講演を行いました。<BR><a href="https://www.r-ccs.riken.jp/library/event/ksympo2017"  target="_top">Link</a>
2017.8.1,, "Detection of statistical asymmetries in non-stationary sign time series: Analysis of foreign exchange data", Arthur Matsuo Yamashita Rios de Sousa, Hideki Takayasu, Misako Takayasu , PLOS ONE, 2017<br> 以上の論文が電子発刊されました。
2017.7.18,, "Appearance of Unstable Monopoly State Caused by Selective and Concentrative Mergers in Business Networks", Hayato Goto, Eduardo Viegas, Henrik Jeldtoft Jensen, HidekiTakayasu, Misako Takayasu, Scientific Report, 2017<br> 以上の論文が電子発刊されます。
2017.7.12,,高安美佐子先生が、国際学会International Conference on ΣΦ conference,Corfu-Greeceにて、"Growth dynamics of complex business firms network"と題する招待講演を行いました。<BR><a href="http://www.sigmaphi.polito.it/index.php"  target="_top">Link</a>
2017.7.7,,下記日程にて特任教授がビッグデータ数理科学研究ユニット（ADAM）に研究滞在します。<BR>7月31日-8月5日:  Henrik Jensen特任教授 (Imperial College) <BR>9月4日-9月8日: Shlomo Havlin特任教授 (Bar Ilan University) 
2017.7.5,,高安美佐子先生が、国際学会13th Econophysics Colloquium & 9th Polish Symposium on Physics in Economy and Social Sciences,Warsawにて、"Business firms networks:From basic properties to advanced application"と題する招待講演を行いました。<BR><a href="http://www.ec2017.org/" target="_top">Link</a> 
2017.6.19,,高安美佐子先生が、国際学会2ND Workshop on Statistical Physics for Financeal and Economic Networksにて、"Dynamical Properties of Monetary Flow on Business Transaction Networks"と題する招待講演を行いました。<BR><a href="https://2ndworkshopstatphysicfinancialeconomicnetworks.wordpress.com/"  target="_top">Link</a> 
2017.5.02,, 下記の日程でポスター発表会，研究室見学会をとり行います．<BR><BR>5月13日（土）<BR>12:00-13:30 ポスター発表会（G4棟1Fロビー，他）<BR>13:30- 研究室見学会（S1-205）<BR><BR>6月3日（土）<BR>14:00-15:30 ポスター発表会（大学会館 すずかけホール H1棟3Fラウンジ）<BR>15:30-18:00 研究室見学会（S1-205）
2017.4.20,, 4月21日（金）13:30より、研究室を公開いたします。（集合場所：すずかけ台キャンパスS1棟205室）見学をご希望の方は<a href="mailto:takayasu@dis.titech.ac.jp">メール</A>にてお問い合わせください。
2017.3.28,, 4月3日（月）11:00より、研究室を公開いたします。（集合場所：すずかけ台キャンパスG3棟1018室）見学をご希望の方は<a href="mailto:takayasu@dis.titech.ac.jp">メール</A>にてお問い合わせください。
2017.3.28,,下記日程にて特任教授・ビジターがビッグデータ数理科学研究ユニット（ADAM）に研究滞在します。<BR>2月27日-3月2日: Shlomo Havlin特任教授 (Bar Ilan University) <BR>3月27日-4月7日: Herik Jensen特任教授 (Imperial College)<BR>3月27日-3月31日: Dr.Fatimah Abdul Razak (School of Mathematical Sciences, Faculty of Science and Technology, Universiti Kebangsaan Malaysia) 
2017.2.16,, "Network Anatomy Controlling Abrupt-like Percolation Transition", Hirokazu Kawamoto,  Hideki Takayasu. Misako Takayasu, Scientific Report, 2017<br> 以上の論文が電子発刊されます。
2016.11.29,,"Statistical properties of fluctuations of time series representing appearances of words in nationwide blog data and their applications: An example of modeling fluctuation scalings of nonstationary time series", Hayafumi Watanabe, Yukie Sano, Hideki Takayasu, and Misako Takayasu, Phys. Rev. E 94, <br>以上の論文が電子発刊されました。<br><a href="https://journals.aps.org/pre/abstract/10.1103/PhysRevE.94.052317" target="_top">Link</a>
2016.11.23,,東京工業大学・帝国データバンク共催シンポジウム「ビッグデータが社会を大きく変革する：ビッグデータ数理科学研究ユニットの挑戦」を主催し、基調講演およびパネルディスカッション（大きく変革する社会：ビッグデータは社会をどのように変えていくのか）を下記の通り行いました。<BR><BR>高安美佐子准教授：「TDB企業データを用いたネオGDPの計算＋日本の未来を見る 」<BR>ディディエ・ソネット特任教授：「ビッグデータの弱点：頻度の低い巨大事象に注意せよ 」<BR>シュロモ・ハブリン特任教授：「ネットワーク科学：ビッグデータを理解するための基盤 」<BR><BR><a href="pdf/news/wrhi1124.pdf" target="_blank">プログラム</A>
2016.11.22,,Didier Sornette特任教授が着任しました。
2016.11.21,,Shlomo Havlin特任教授が着任しました。
2016.11.18,,高安美佐子先生が、School of Mathmatical Sciences, Faculty of Science and Technology, Universiti Kebangsaan Malaysiaにて、"Social media analysis"と題する講義を行いました。
2016.11.15-17,,高安美佐子先生が、国際学会ICMS4（THE 4TH INTERNATIONAL CONFERENCE ON MATHEMATICAL SCIENCES）にて、"Complex Network of Buisiness Firms From Basic Properties to Advanced Applications."と題する基調講演を下記の通り行いました。<BR><a href="http://www.ukm.my/icms4/important-dates--speakers.html" target="_blank">ICMS2016　Speakers</A>
2016.11.14,,高安美佐子先生が、国際学会ICMS4（THE 4TH INTERNATIONAL CONFERENCE ON MATHEMATICAL SCIENCES）にて、"Complex Networks: Fractals and Power Law"と題するワークショップを実施し、招待講演を行いました。<BR><a href="http://www.ukm.my/icms4/workshops.html" target="_blank">ICMS2016　ワークショップ</A>
2016.11.04,,東工大で開催された"Imperial College London - Tokyo Tech joint workshop on bioscience and its interface with technology"においてIntroduction of Advanced Data Analysis and Modeling(ADAM) Unitと題する招待講演を行いました。 
2016.10.31,,Henrik Jeldtoft Jensen特任教授が着任しました。
2016.10.01,,尾崎順一特任助教が着任しました。
2016.10.20,,<b>第37回東工大経済物理学セミナー(37th Workshop on Econophysics+Statistical Physics @Titech)</b><br>Date:2016.11.03.(Thu.)14:00- <br>Detail:<a href="./seminar_econophys.php" target="_top">Link</a>,,,,,,,,
2016.9.29,,高安美佐子先生と田村光太郎先生が、防衛省にて「ビッグデータ解析」について招待講演を行いました。
2016.9.19,,高安美佐子先生が、アムステルダムで開催された国際会議CCS2016(2016 Conference on Complex Systems)で、「Modeling and Application of Transaction Network of Real Business Firms」と題する基調講演を行いました. <a href="pdf/news/20160919.pdf" target="_top">Link</a>
2016.9.12,,高安美佐子先生が、ウプサラ大学と東工大の共同シンポジウムにおいて、「Creating added value in society through cutting-edge integration of big data 」と題する基調講演を行いました。<a href="pdf/news/20160912.pdf" target="_top">Link</a> 
2016.8.31,,高安美佐子先生が、慶応義塾大学日吉キャンパスで開催された異常拡散研究会「異常拡散現象をめぐる最近の進展」において「企業ネットワークにおける異常拡散」という講演を行いました。また、金澤輝代士先生が「外国為替市場のミクロ構造：データ解析からミクロ理論まで」と題した講演を行いました。<a href="https://sites.google.com/site/anomdiff/home/program" target="_top">Link</a>
2016.8.24,,国際学会「ASIA-PACIFIC ECONOPHYSICS CONFERENCE 2016」を主催しました。<a href="pdf/news/20160824.pdf" target="_top">Link</a> 
2016.8.01,,文部科学省研究振興局　ポスト「京」開発事業の萌芽的課題　複数の社会経済現象の相互作用のモデル構築とその応用研究を開始いたしました。
2016.6.13,,POSデータ解析の成果が論文に掲載されます。<br>Gaku Fukunaga, Hideki Takayasu, Misako Takayasu<br>"Property of Fluctuations of Sales Quantities by Product Category in Convenience Stores"<br>PLOS ONE, to appear.,,,,,,,,
2016.5.28,,<b>第36回東工大経済物理学セミナー(36th Workshop on Econophysics+Statistical Physics @Titech)</b>が東京大学西成研究室と合同で開催されます。<br>Date:2016.5.28.(Sat.)11:00- <br>Detail:<a href="./seminar_econophys.php" target="_top">Link</a>,,,,,,,,
2016.4.15,,研究室を公開いたします。<br><br>・第4回（1日目）：5月13日（金）<br>14:00-15:30 ポスター説明（すずかけ台キャンパス G4棟1Fロビー，他）<br>15:45-18:00　研究室公開<br>・第4回（2日目）：5月14日（土）<br>11:30-13:00 ポスター説明（すずかけ台キャンパス G4棟1Fロビー，他）<br>13:30-17:00　研究室公開<br>・第5回：6月4日（土）<br>14:00-15:30 ポスター説明（すずかけホール3F ラウンジ）<br>15:45-18:00　研究室公開
2016.4.01,,田村光太郎特任助教が着任しました。
2016.4.01,,金澤輝代士助教が着任しました。
2016.4.01,,東工大の研究改組により、高安研究室は科学技術創成研究院の「ビッグデータ数理科学研究ユニット」になりました。<a href="http://www.titech.ac.jp/news/2016/033784.html" target="_top">Link</a> 
2015.12.14,,Imperial College Londonのグループとの共同研究が論文掲載されました。<br>Nicky Zachariou, Paul Expert, Misako Takayasu, Kim Christensen“Generalized Sandpile Dynamics on Artificial and Real-World Directed Networks" PLoS ONE 10(1371), 0142685 (2015)<a href="http://journals.plos.org/plosone/article?id=10.1371/journal.pone.0142685" target="_top">Link</a> 
2015.12.14,,帝国データバンク先端データ解析共同研究講座成果発表会が開催されました。<a href="pdf/news/20151214.pdf" target="_top">Link</a> 
2015.12.01,,JST－MOST 日本－イスラエル共同研究「レジリエントな社会のためのＩＣＴ」「サイバー社会ネットワークにおける噂の伝播の検出と制御」（研究代表者：東京工業大学　高安美佐子、Bar-Ilan Univ. Shlomo Havlin）の研究課題（H27.12-H31.3）が採択になりました。
2015.11.25,,Imperial College London との下記の共同研究成果が掲載になりました。<br>“Generalised Sandpile Dynamics on Artificial and Real-World Directed Networks” Nicky Zachariou, Paul Expert, Misako Takayasu and Kim Christensen, PLoS ONE 11/2015; 10(11):e0142685. DOI:10.1371/journal.pone.0142685<a href="http://journals.plos.org/plosone/article?id=10.1371/journal.pone.0142685" target="_top">Link</a> 
2015.11.11,,SMSEC2014のプロシーディングスが出版されました。<br>Yukie Sano, Tsuyoshi Deguchi, Hirokazu Kawamoto, Hayato Goto, Jean-Francois Boillard, Yamashita Rios De Sousa,Arthur Matsuo 計6名。
2015.11.11,,高安研究室が経産省のプロジェクト「平成２７年度ビッグデータとその解析技術を活用した新指標の開発事業（指標開発）」を開始しました。（H27.11～）<a href="http://www.meti.go.jp/information/publicoffer/saitaku/s151013001.html" target="_top">Link</a> 
2015.10.22,,"Financial Knudsen number: Breakdown of continuous price dynamics and asymmetric buy-and-sell structures confirmed by high-precision order-book information", Yoshihiro Yura, Hideki Takayasu, Didier Sornette, and Misako Takayasu, Physical Review E, 92, 042811　<br>以上の論文が発刊されました。<br><a href="http://journals.aps.org/pre/accepted/f6075R7eN001181462a914e9ec66f10d82eeda945" target="_top">Link</a> 
2015.10.15,,金澤輝代士さんが、日本物理学会の第10回若手奨励賞を受賞しました。
2015.08.28,,<b>第3回東工大若手物性基礎セミナー</b>が開催されます。<br>Date:2015.08.31.(Mon.)16:00- <br>Venue:Tokyo Tech Suzukakedai Campus<br>Detail:<a href="./pdf/seminar/phy/3rd_ezaki.pdf" target="_top">Abstract</a>,,,,,,,,
2015.08.04,,"Asymptotic derivation of Langevin-like equation with non-Gaussian noise and its analytical solution", Kiyoshi Kanazawa, Tomohiko G Sano, Takahiro Sagawa, and Hisao Hayakawa, J. Stat. Phys., 160, 5, 1294-1335　<br>以上の論文が発刊されました。<br><a href="http://link.springer.com/article/10.1007/s10955-015-1286-x" target="_top">Link</a> 
2015.06.08,,"Asymptotic derivation of Langevin-like equation with non-Gaussian noise and its analytical solution", Kiyoshi Kanazawa, Tomohiko G Sano, Takahiro Sagawa, and Hisao Hayakawa, J. Stat. Phys.　<br>以上の論文が電子発刊されました。<br><a href="http://link.springer.com/article/10.1007/s10955-015-1286-x" target="_top">Link</a> 
2015.05.27,,"Extraction of conjugate main-stream structures from a complex network flow",Koutarou Tamura, Hideki Takayasu, Misako Takayasu, Phys.Rev.E,91.042815 (2015)<br><a href="http://journals.aps.org/pre/pdf/10.1103/PhysRevE.91.042815" target="_top">Link</a>
2015.05.27,,"Precise Calculation of a Bond Percolation Transition and Survival Rates of Nodes in a Complex Network",Hirokazu Kawamoto, Hideki Takayasu, Hendrik Jeldtoft Jensen, Misako Takayasu, PLoS ONE, 10(4):e0119979 (2015)<br><a href="http://journals.plos.org/plosone/article?id=10.1371/journal.pone.0119979" target="_top">Link</a>
2015.05.23,,"Asymptotic derivation of Langevin-like equation with non-Gaussian noise and its analytical solution", Kiyoshi Kanazawa, Tomohiko G Sano, Takahiro Sagawa, and Hisao Hayakawa, J. Stat. Phys. (to appear)
2015.05.13,,<b>第1回東工大若手物性基礎セミナー</b>が開催されます。<br>Date:2015.05.22.(Fri.)15:00-17:00 <br>Venue:Tokyo Tech Suzukakedai Campus<br>Detail:<a href="./pdf/seminar/phy/1st_ito.pdf" target="_top">Abstract</a>,,,,,,,,
2015.04.15,,"Extraction of conjugate main-stream structures from a complex network flow",Koutarou Tamura, Hideki Takayasu, Misako Takayasu, Phys.Rev.E, 2015, to appear
2015.04.08,,"Precise Calculation of a Bond Percolation Transition and Survival Rates of Nodes in a Complex Network",Hirokazu Kawamoto, Hideki Takayasu, Hendrik Jeldtoft Jensen, Misako Takayasu, PLoS ONE, 2015, to appear
2015.03.06,,<b>帝国データバンク先端データ解析共同研究講座のHP</b>が開設されました。<br><a href="http://www.tdb.dis.titech.ac.jp/index.html" target="_top">Link</a>
2015.03.05,,"Rumor Diffusion and Convergence during the 3.11 Earthquake: A Twitter Case Study",Misako Takayasu, Kazuya Sato, Yukie Sano, Kenta Yamada, Wataru Miura, Hideki Takayasu, PLoS ONE, 2015, to appear
2015.02.16,,<b>第3回数理構造セミナー</b>が開催されます。<br>Date:2015.02.27.(Fri.)13:00- <br>Venue:Tokyo Tech Suzukakedai Campus<br>Detail:<a href="./seminar_dstructure.php" target="_top">Link</a>,,,,,,,,
2014.11.18,,帝国データバンク社は、高安美佐子准教授とともに、共同研究講座を東工大に設置しました。ビッグデータ解析を用いた経営診断システムの開発を行います。<br><a href="http://www.titech.ac.jp/news/2014/029153.html" target="_blank">リンク</a>
2014.11.18,,高安研究室のＭ１ Yamashita Rios De Sousa , Arthur Matsuo君が神戸で開催されたSocial Modeling and Simulation + Econophysics Colloquium2014(SMSES2014)で、ベストポスター賞を受賞しました。
2014.11.06,,<b>第34回東工大経済物理学セミナー(34th Workshop on Econophysics+Statistical Physics @Titech)</b>が開催されます。<br>Date:2014.11.08.(Sat.)14:00- <br>Venue:Tokyo Tech Campus Innovation Center<br>Detail:<a href="./seminar_econophys.php" target="_top">Link</a>,,,,,,,,
2014.10.27,,10月26日（日）　高安研究室の活動がニュース報道されました。NHKニュース 『ビッグデータで経営改善 システム開発へ』
2014.10.01,,高安美佐子准教授が第23-24期（H26-H32）の日本学術会議連携会員に就任いたしました。
2014.07.23,,"Hubs and Authorities in the World Trade Network Using a Weighted HITS Algorithm",Tsuyoshi Deguchi, Katsuhide Takahashi, Hideki Takayasu, Misako Takayasu, PLOS ONE,9,7 (2014)<br><a href="http://www.plosone.org/article/info%3Adoi%2F10.1371%2Fjournal.pone.0100338" target="_blank">Link</a>
2014.06.11,,高安美佐子准教授/編著、田村光太郎・三浦航/著<br>「<b>学生・技術者のためのビッグデータ解析入門</b>」<br>が日本評論社から出版されました。,,,,,,,,
2014.05.28,,東工大英文ニュースレターTokyo Institute of Technology Bulletin No.34にて研究結果が掲載されました <br><a href="http://www.titech.ac.jp/news/2014/027763.html" target="_blank">リンク</a>
2014.05.27,,"Hubs and Authorities in the World Trade Network Using a Weighted HITS Algorithm",Tsuyoshi Deguchi, Katsuhide Takahashi, Hideki Takayasu, Misako Takayasu, PLOS ONE,2014,to appear
2014.03.24,,<b>第33回東工大経済物理学セミナー(33rd Workshop on Econophysics+Statistical Physics @Titech)</b>が開催されます。<br>Date:2014.4.29.(Tue.)13:30- <br>Venue:Tokyo Tech Front<br>Detail:<a href="./seminar_econophys.php" target="_top">Link</a>,,,,,,,,
2014.03.08,,“Financial Brownian particle in the layered order book fluid and fluctuation-dissipation relations”,Yoshihiro Yura, Hideki Takayasu, Didier Sornette, Misako Takayasu,Physical Review Letters,112,098703(2014)<br><a href="http://journals.aps.org/prl/abstract/10.1103/PhysRevLett.112.098703" target="_blank">Link</a>
2014.01.22,,東京工業大学公式サイトで高安准教授が取り上げられました<br><a href="http://www.titech.ac.jp/research/stories/takayasu.html" target="_blank">HPへのリンク</a>
2014.01.08,,1月3日の日本経済新聞電子版に研究結果が掲載されました。<br><a href="./pdf/news/20140103.pdf" target="_blank">該当部分</a>
2013.12.09,,東京新聞11月23日朝刊、中日新聞12月3日夕刊に記事が掲載されました。<br><a href="./pdf/news/20131123.pdf" target="_blank">2013.11.23該当部分</a>  /  <a href="./pdf/news/20131203.pdf" target="_blank">2013.12.03該当部分</a>
2013.10.17,,田村光太郎さん（D1）が平成26年度　日本学術振興会特別研究員DC2に採択されました。,,,,,,,,
2013.10.17,,日本経済新聞10月13日朝刊、10月16日朝刊、および10月17日朝刊に記事が掲載されました。<br><a href="./pdf/news/20131013.pdf" target="_blank">2013.10.13該当部分</a>  /  <a href="./pdf/news/20131016.pdf" target="_blank">2013.10.16該当部分</a>  /  <a href="./pdf/news/20131017.pdf" target="_blank">2013.10.17該当部分</a>
2013.10.08,,発表ページに2013年前期分の情報をアップしました
2013.08.28,,渡邊隼史さんが社会情報学会(SSI)学会大会において「大学院学位論文賞(博士)」を受賞しました
2013.08.09,,東京新聞8月1日朝刊に研究成果が掲載されました。<br><a href="./pdf/news/20130801.pdf" target="_blank">該当部分</a>
2013.05.10,,ホームページをリニューアルしました
2013.05.02,,2013年5月6日(月)23:58～<br>フジテレビ「ニュースJAPAN」の番組内で研究室のブログ解析の話題が放送予定です,,,,
2013.03.01,,“Rapid Detection of the Switching Point in a Financial Market Structure Using the Particle Filter”,Yoshihiro Yura, Hideki Takayasu, Kazuyuki Nakamura, Misako Takayasu,Journal of Statistical Computation and Simulation,2013, to appear
2013.02.07,,朝日新聞2月7日朝刊、および電子版に研究結果が掲載されました。
2012.12.21,,“Empirical analysis of collective human behavior for extraordinary events in the blogosphere”,Yukie Sano, Kenta Yamada, Hayafumi Watanabe, Hideki Takayasu, Misako Takayasu.,Physical Review E,2013, to appear
2012.11.12,,田村光太郎さん(M2)が、国際会議2012 International Conference on Modeling, Analysis nad Simulation(ICMAS2012)でPoster Award for Exellence を受賞しました.,,,,,,,
2012.10.19,,由良嘉啓さん（D1）、三浦航さん（D２）が平成25年度　日本学術振興会特別研究員DC１、DC2に採択されました。,,,,,,,,
2012.10.15,,<b>第32回東工大経済物理学セミナー</b>が開催されます。<br>日時：2012年11月24日（土）13:00-17:00<br>場所：東工大田町キャンパスCIC806号室,,,,,,,,
2012.8.25,,高安美佐子准教授、編著「<b>ソーシャルメディアの経済物理学</b>」が日本評論社から出版されました。,,,,,,,,
2012.6.28,,高安美佐子准教授が分担執筆した「<b>岩波講座　計算科学6　計算と社会</b>」が岩波書店から出版されました。,,,,,,,,
2012.5.1,,Hayafumi Watanabe and Hideki Takayasu and Misako Takayasu,Biased diffusion on the Japanese inter-firm trading network:estimation of sales from the network structure,"<a href="http://iopscience.iop.org/1367-2630/14/4/043034" target="_blank">New J. Phys. 14 (2012) 043034</a>に掲載されました.,,,,,,
2012.4.18,,Wataru Miura, Hideki Takayasu, and Misako Takayasu,Effect of Coagulation of Nodes in an Evolving Complex Network, Phys. Rev. Lett. 108," 168701 (2012) 電子版が下記の<a href="http://prl.aps.org/abstract/PRL/v108/i16/e168701" target="_blank">アドレス</a> に掲載されました。東工大のＨＰの<a href="http://www.hyoka.koho.titech.ac.jp/eprd/recently/research/research.php?id=278" target="_blank">ニュース欄</a> に掲載されました。4月18日の日刊工業新聞と朝日新聞の<a href="http://www.asahi.com/digital/nikkanko/NKK201204180017.html" target="_blank">電子版</a> に掲載されました。,,,
2012.4.2,,Biased diffusion on Japanese inter-firm trading network,"Hayafumi Watanabe, Hideki Takayasu, and Misako Takayasu",New Journal of Physics, to appear,,,,,
2012.2.15,,”Effect of coagulation of nodes in an evolving complex network”, Wataru Miura, Hideki Takayasu, and Misako Takayasu," <a href="http://prl.aps.org/accepted/L/d9074Y6aY8e1843de13c4a68efed07643d8224066" target="_blank">Physical Review Letters(2012) </a>", to appear.,,,
2012.2.13,,Constantino Tsallis教授による非加法的統計力学の講義＋第31回東工大経済物理学セミナーが開催されます。 日時：2012年3月14日（水曜日) 13:30- 場所：<a href="http://www.sonycsl.co.jp/access/" target="_blank">ソニーコンピュータサイエンス研究所</a> 3F 大会議室 地図,,,,,,,,
2011.10.01,,松永健太さんが第六回人工知能応用研究会(SIG-FIN)で発表された論文「ポジションを考慮したディーラーモデルによる為替市場のシミュレーション」が2010年学生優秀論文賞に選ばれました。,,,,,,,,
2011.04.23,,2011年の高安研究室の公開は5月13日(金), 5月14日(土), 6月15日(水)に行われます。詳しくは<a href="http://www.dis.titech.ac.jp"" target="_blank">知能システム科学専攻HP</a>をご覧ください。,,,,,,
2011.01.09,,1月3日の朝日新聞に高安美佐子准教授の<a href="./pdf/news/20110103.jpg" target="_blank">記事</a>が掲載されました。,,,,,,,,
2010.11.22,,検索エンジンで表示されないなどのトラブルが続いているため，仮ページを立ち上げました。(現在は本ページを運営しています),,,,,,,,
2010.08.20,,8月28日に開催いたします第30回東工大経済物理学セミナーの情報を掲載しました。,,,,,,,,
2010.06.09,,以下の各種媒体で高安美佐子准教授が紹介されました。<br><a href="http://sciencenews.jp/index23.html" target="_blank">サイエンス・ニュース・ネットワーク第23回</a><br><a href="http://sciencenews.jp/index24.html" target="_blank">サイエンス・ニュース・ネットワーク第24回</a><br><a href="http://www.wakuwaku-catch.jp/find/dream/dre-04/01.html" target="_blank">河合塾研究室紹介「わくわく☆キャッチ！」</a><br><a href="http://www.gec.jim.titech.ac.jp/leap/career/vol3.html" target="_blank">東京工業大学理工系女性研究者キャリアモデルインタビュー</a><br><a href="http://www.rieti.go.jp/jp/events/09030501/handout.html" target="_blank">RIETI政策シンポジウム</a>「マーケティングに見られる人間の行動」2009年3月5日開催<br>,,,,,,,,
2010.05.31,,プレジデントに高安美佐子准教授の<a href="./pdf/news/20100531.pdf" target="_blank">記事</a>が掲載されました。,,,,,,,,
2010.05.19,,5月29日に開催いたします第29回東工大経済物理学セミナーの情報を掲載しました。,,,,,,,,
2010.03.25,,著書にEconophysics Approaches to Large-Scale Business Data and Financial Crisis:Proceedings of Tokyo Tech-Hitotsubashi Interdisciplinary Conference + APFA7の情報を掲載しました。,,,,,,,,
2009.12.02,,12月12日に開催いたします第28回東工大経済物理学セミナーの情報を掲載しました。,,,,,,,,
2009.11.20,,論文「"Random walker in temporally deforming higher-order potential forces observed in a financial crisis", PRE 80 Issue 5, 056110」を追加しました。,,,,,,
2009.11.04,,日本経済新聞　経済教室　に高安美佐子准教授の<a href="./pdf/news/20091104.pdf" target="_blank">記事</a>が掲載されました。,,,,,,,,
2009.10.17,,週刊ダイヤモンド特大号に高安美佐子准教授の<a href="./pdf/news/20091017.pdf" target="_blank">記事</a>が掲載されました。,,,,,,,,
2009.04.24,,論文「Solvable Stochastic Dealer Model for Financial Markets, PRE 79 Issue 5, 051120」を追加しました.,,,,,,
2009.04.12,,第27回経済物理学セミナーのご講演者が決定いたしました.,,,,,,,,
2009.04.05,,2009年5月9日,10日に専攻説明会と並行して, 第27回東工大経済物理学セミナーを開催いたします.そのため高安研究室では, 5月9日(土)の研究室公開は行いません.詳しくはこのページにある「専攻説明会＋経済物理学セミナー」の画像をクリックしてください.,,,,,
2009.01.31,,出版物リスト及び発表履歴を更新いたしました.,,,,,,,,
2008.10.28,,第26回東工大経済物理学セミナーの情報をアップしました。,,,,,,,,
2008.07.10,,第25回東工大経済物理学セミナーのご講演者、後藤 俊幸 先生, 渡辺 広太 氏の講演アブストラクトを掲載しました。,,,,,,,
2008.07.08,,第25回東工大経済物理学セミナーのご講演者、小西 葉子 先生の講演アブストラクトを掲載しました。,,,,,,,,
2008.07.02,,第25回東工大経済物理学セミナーの情報をアップしました。,,,,,,,,
2008.06.02,,ホームページをリニューアルしました。,,,,,,,,
